,Unnamed: 0,Incasso,Sentiment,Magnitudo,%Tweets positivi
0,Incasso,1.0,0.24545454545454545,-0.09090909090909091,0.1
1,Sentiment,0.24545454545454545,1.0,0.21818181818181817,0.8363636363636363
2,Magnitudo,-0.09090909090909091,0.21818181818181817,1.0,-0.05454545454545454
3,%Tweets positivi,0.1,0.8363636363636363,-0.05454545454545454,1.0
